param,metric,spearman,n
top_n,sharpe,-0.1003013949550223,470
top_n,total_return,-0.1272733496924204,470
top_n,max_drawdown,0.23974828248892058,470
top_n,turnover,-0.2230559863355527,470
top_n,stop_ratio,0.1965634833590272,470
top_n,excess_return,-0.1272733496924204,470
mom_window,sharpe,0.020186438338417722,470
mom_window,total_return,0.009540764932574506,470
mom_window,max_drawdown,-0.06919350189487951,470
mom_window,turnover,-0.11662254963655119,470
mom_window,stop_ratio,0.29813597555533344,470
mom_window,excess_return,0.009540764932574506,470
max_vol,sharpe,0.40621496218779396,470
max_vol,total_return,0.4276481869082789,470
max_vol,max_drawdown,0.14548824161712634,470
max_vol,turnover,-0.0036657054679074172,470
max_vol,stop_ratio,0.05751640006221474,470
max_vol,excess_return,0.4276481869082789,470
min_amount,sharpe,-0.05264381402382185,470
min_amount,total_return,-0.07705741056696148,470
min_amount,max_drawdown,0.10904454313403834,470
min_amount,turnover,-0.13821559305743286,470
min_amount,stop_ratio,0.09581344335036575,470
min_amount,excess_return,-0.07705741056696148,470
max_total_position,sharpe,0.06556875528081642,470
max_total_position,total_return,0.0668891898293844,470
max_total_position,max_drawdown,-0.11875313491398969,470
max_total_position,turnover,0.1296448664159952,470
max_total_position,stop_ratio,0.030660597929644116,470
max_total_position,excess_return,0.0668891898293844,470
target_weight,sharpe,0.10478852452756261,470
target_weight,total_return,0.129036391815078,470
target_weight,max_drawdown,-0.3121900669029844,470
target_weight,turnover,0.2979936250213771,470
target_weight,stop_ratio,-0.19105960331981106,470
target_weight,excess_return,0.129036391815078,470
hard_stop_pct,sharpe,0.029722502238747128,470
hard_stop_pct,total_return,0.034134342499097574,470
hard_stop_pct,max_drawdown,-0.11973440392390206,470
hard_stop_pct,turnover,0.10772654602670131,470
hard_stop_pct,stop_ratio,-0.3550900365158235,470
hard_stop_pct,excess_return,0.034134342499097574,470
trailing_stop_pct,sharpe,0.06678779625175181,470
trailing_stop_pct,total_return,0.05621712783232523,470
trailing_stop_pct,max_drawdown,-0.17980418145823213,470
trailing_stop_pct,turnover,-0.017621958451255738,470
trailing_stop_pct,stop_ratio,-0.5091173863809468,470
trailing_stop_pct,excess_return,0.05621712783232523,470
trailing_stop_activation,sharpe,0.1571749135375422,470
trailing_stop_activation,total_return,0.16898296599722343,470
trailing_stop_activation,max_drawdown,-0.2070215893842069,470
trailing_stop_activation,turnover,0.11383831653907445,470
trailing_stop_activation,stop_ratio,-0.42010412559831956,470
trailing_stop_activation,excess_return,0.16898296599722343,470
market_filter,sharpe,0.15089450726279163,470
market_filter,total_return,0.1484470561930379,470
market_filter,max_drawdown,0.13018534219865305,470
market_filter,turnover,-0.09105756860541026,470
market_filter,stop_ratio,-0.0879211552791447,470
market_filter,excess_return,0.1484470561930379,470
market_exit_threshold,sharpe,0.17924500074644523,470
market_exit_threshold,total_return,0.1743707936492373,470
market_exit_threshold,max_drawdown,0.16802068584078597,470
market_exit_threshold,turnover,-0.16565517105047614,470
market_exit_threshold,stop_ratio,-0.08837361709355251,470
market_exit_threshold,excess_return,0.1743707936492373,470
market_enter_threshold,sharpe,0.04339101968190428,470
market_enter_threshold,total_return,0.01707881263779099,470
market_enter_threshold,max_drawdown,0.047588157799418725,470
market_enter_threshold,turnover,-0.1217551859125609,470
market_enter_threshold,stop_ratio,0.03294539623054971,470
market_enter_threshold,excess_return,0.01707881263779099,470
rebalance_interval_days,sharpe,-0.10490801918922055,470
rebalance_interval_days,total_return,-0.14335755501589798,470
rebalance_interval_days,max_drawdown,0.4767957500869494,470
rebalance_interval_days,turnover,-0.6427731845319791,470
rebalance_interval_days,stop_ratio,0.4421865421110396,470
rebalance_interval_days,excess_return,-0.14335755501589798,470
min_hold_days,sharpe,0.018135531260364577,470
min_hold_days,total_return,-0.012751628246010189,470
min_hold_days,max_drawdown,0.02958251010560479,470
min_hold_days,turnover,-0.11163155754274937,470
min_hold_days,stop_ratio,0.20955955733284193,470
min_hold_days,excess_return,-0.012751628246010189,470
hold_buffer,sharpe,0.06508505874262485,470
hold_buffer,total_return,0.07655654300669708,470
hold_buffer,max_drawdown,-0.17370134105469065,470
hold_buffer,turnover,0.07922687577903317,470
hold_buffer,stop_ratio,-0.026472253038682374,470
hold_buffer,excess_return,0.07655654300669708,470
max_buy_momentum,sharpe,0.10998298625621081,470
max_buy_momentum,total_return,0.10205177581507387,470
max_buy_momentum,max_drawdown,-0.2133397950531331,470
max_buy_momentum,turnover,0.1334213146583555,470
max_buy_momentum,stop_ratio,0.18248063302738743,470
max_buy_momentum,excess_return,0.10205177581507387,470
min_momentum,sharpe,0.05197190656879545,470
min_momentum,total_return,0.06786986257409079,470
min_momentum,max_drawdown,0.1193693140711212,470
min_momentum,turnover,-0.19192704654459855,470
min_momentum,stop_ratio,0.05051860646406587,470
min_momentum,excess_return,0.06786986257409079,470
require_above_ma20,sharpe,0.04134356440110312,470
require_above_ma20,total_return,0.07608991801480754,470
require_above_ma20,max_drawdown,-0.08495491925458741,470
require_above_ma20,turnover,0.053982926411505795,470
require_above_ma20,stop_ratio,-0.06085065890352745,470
require_above_ma20,excess_return,0.07608991801480754,470
max_distance_from_ma20,sharpe,0.35024694666072226,470
max_distance_from_ma20,total_return,0.32994130011692535,470
max_distance_from_ma20,max_drawdown,-0.20318937040050855,470
max_distance_from_ma20,turnover,0.22717704724625193,470
max_distance_from_ma20,stop_ratio,0.15131648866111191,470
max_distance_from_ma20,excess_return,0.32994130011692535,470
fresh_stop_mult,sharpe,0.012444745003547144,470
fresh_stop_mult,total_return,0.017095010421333868,470
fresh_stop_mult,max_drawdown,0.04791808125081157,470
fresh_stop_mult,turnover,-0.010687476820568538,470
fresh_stop_mult,stop_ratio,0.05360262308522053,470
fresh_stop_mult,excess_return,0.017095010421333868,470
initial_ratio,sharpe,0.006458774283846767,470
initial_ratio,total_return,0.006901339735529302,470
initial_ratio,max_drawdown,-0.16985315805211185,470
initial_ratio,turnover,0.13203490073021137,470
initial_ratio,stop_ratio,0.03913450839954587,470
initial_ratio,excess_return,0.006901339735529302,470
trend_ma_window,sharpe,-0.06514759845098973,470
trend_ma_window,total_return,-0.023221851490889917,470
trend_ma_window,max_drawdown,0.1188972085100203,470
trend_ma_window,turnover,-0.12046630433474627,470
trend_ma_window,stop_ratio,-0.012595474324888072,470
trend_ma_window,excess_return,-0.023221851490889917,470
