param,metric,F,eta2,levels
top_n,sharpe,1.41705855959918,0.012042950482028327,5
top_n,total_return,3.130394881912835,0.026222018154734024,5
top_n,max_drawdown,8.778350704965433,0.0702108814158484,5
top_n,turnover,7.481102725624866,0.060462588313096165,5
top_n,stop_ratio,4.716319754557012,0.038988701682637905,5
mom_window,sharpe,7.363771637451195,0.07351731586251374,6
mom_window,total_return,9.879505348953165,0.09621691607665978,6
mom_window,max_drawdown,12.549768362289552,0.11912478363627614,6
mom_window,turnover,12.912447214228472,0.12214689522853565,6
mom_window,stop_ratio,12.282533992927478,0.11688463844766199,6
max_vol,sharpe,45.854524192742005,0.16414455547211562,3
max_vol,total_return,58.55151575255135,0.20048351949715862,3
max_vol,max_drawdown,11.009905455890753,0.04502846391994914,3
max_vol,turnover,24.483355446674135,0.09490284907831935,3
max_vol,stop_ratio,9.975403528979173,0.04097088816526746,3
min_amount,sharpe,2.9162735594590203,0.018428314715717917,4
min_amount,total_return,4.135535153036103,0.02593318176951627,4
min_amount,max_drawdown,8.004776275730519,0.049007401242057255,4
min_amount,turnover,22.457109892085292,0.12631224426170176,4
min_amount,stop_ratio,3.311056418230109,0.020870932930028042,4
max_total_position,sharpe,2.4000113028521755,0.010173849884945546,3
max_total_position,total_return,3.9808739413348335,0.01676292442109773,3
max_total_position,max_drawdown,26.57398898103122,0.10217857266367927,3
max_total_position,turnover,43.006666313914955,0.15553573043005756,3
max_total_position,stop_ratio,13.041611216467011,0.05289821524292827,3
target_weight,sharpe,1.6700411057032383,0.13207752800677133,41
target_weight,total_return,1.9362000427783224,0.1499702716364363,41
target_weight,max_drawdown,3.9109823514827653,0.2627405220929058,41
target_weight,turnover,5.312162449766043,0.3261692482654524,41
target_weight,stop_ratio,1.7721614276008941,0.13903099604566685,41
hard_stop_pct,sharpe,0.26420269014661585,0.002267557808804016,5
hard_stop_pct,total_return,0.1566281289180403,0.0013455258642538614,5
hard_stop_pct,max_drawdown,2.2823501139501126,0.0192550819397067,5
hard_stop_pct,turnover,3.2045401935183566,0.026826441157673433,5
hard_stop_pct,stop_ratio,16.667643095510698,0.1253982745054682,5
trailing_stop_pct,sharpe,3.810778020155091,0.039444646842198915,6
trailing_stop_pct,total_return,4.798525229423801,0.04916596042966797,6
trailing_stop_pct,max_drawdown,10.938231077500253,0.10544069398415493,6
trailing_stop_pct,turnover,11.298938047027455,0.10854037763500599,6
trailing_stop_pct,stop_ratio,37.983609966151164,0.29043096436917376,6
trailing_stop_activation,sharpe,4.383206371562055,0.027443659746578572,4
trailing_stop_activation,total_return,6.281443889945914,0.038866766999083084,4
trailing_stop_activation,max_drawdown,9.45003570660894,0.05734823703184708,4
trailing_stop_activation,turnover,7.092898594476475,0.04366843034091259,4
trailing_stop_activation,stop_ratio,34.05669789930976,0.17982307557399976,4
market_filter,sharpe,10.306857523382403,0.021548630050487086,2
market_filter,total_return,12.496706270722042,0.02600789164136566,2
market_filter,max_drawdown,8.702300639537233,0.018255210071070237,2
market_filter,turnover,4.340147349753063,0.00918860565654886,2
market_filter,stop_ratio,2.5424352824686243,0.005403200841901516,2
market_exit_threshold,sharpe,8.371430132048049,0.03461107468326343,3
market_exit_threshold,total_return,10.174094418048895,0.04175287669519006,3
market_exit_threshold,max_drawdown,17.503415432992742,0.06973377395203378,3
market_exit_threshold,turnover,15.02607528682461,0.06046075957817697,3
market_exit_threshold,stop_ratio,1.6185595822080818,0.006884014537534457,3
market_enter_threshold,sharpe,1.0021877468733946,0.004273681864133298,3
market_enter_threshold,total_return,0.15273198532654675,0.0006536708731320906,3
market_enter_threshold,max_drawdown,10.34097927747099,0.0424087013926556,3
market_enter_threshold,turnover,10.419661685538811,0.042717596496881984,3
market_enter_threshold,stop_ratio,1.087828149891229,0.004637189228744447,3
rebalance_interval_days,sharpe,3.2339295475183825,0.02706581177707466,5
rebalance_interval_days,total_return,2.9864041107745023,0.025046076599224143,5
rebalance_interval_days,max_drawdown,33.72885762553972,0.2248907489997848,5
rebalance_interval_days,turnover,79.7663908570246,0.40693735104635526,5
rebalance_interval_days,stop_ratio,35.21229126780246,0.23248223021757375,5
min_hold_days,sharpe,6.780845524250163,0.04182759072670073,4
min_hold_days,total_return,9.125072928890631,0.055485597460679374,4
min_hold_days,max_drawdown,7.51361159249297,0.046139100711501076,4
min_hold_days,turnover,18.431173396751685,0.10606983982857629,4
min_hold_days,stop_ratio,8.348583694112024,0.05100492373089799,4
hold_buffer,sharpe,5.607416173883408,0.03484149409675743,4
hold_buffer,total_return,8.031526510763685,0.04916312185147015,4
hold_buffer,max_drawdown,14.061128678584646,0.08300819584996443,4
hold_buffer,turnover,19.793384020102703,0.11302321153063258,4
hold_buffer,stop_ratio,3.662995108998201,0.023038237076818922,4
max_buy_momentum,sharpe,8.706700784603987,0.06967774220937774,5
max_buy_momentum,total_return,7.867311150714527,0.06338609076989528,5
max_buy_momentum,max_drawdown,23.390029676127078,0.16750232530297038,5
max_buy_momentum,turnover,26.63246421191727,0.18639421120577201,5
max_buy_momentum,stop_ratio,6.809781336293835,0.05533718053410384,5
min_momentum,sharpe,1.9939903754553794,0.0168633549081348,5
min_momentum,total_return,3.634360049549813,0.030315547816643335,5
min_momentum,max_drawdown,13.709790038350556,0.10549255299893036,5
min_momentum,turnover,33.65121951512143,0.22448929784541768,5
min_momentum,stop_ratio,1.721959978447526,0.014596349664463599,5
require_above_ma20,sharpe,0.2893805749209,0.0006179524604329619,2
require_above_ma20,total_return,1.8732132576137233,0.0039866355535077315,2
require_above_ma20,max_drawdown,3.6180600211504315,0.007671589211380442,2
require_above_ma20,turnover,4.201264337572861,0.008897189937571645,2
require_above_ma20,stop_ratio,2.0141749933316406,0.004285349464960746,2
max_distance_from_ma20,sharpe,27.161617002720817,0.1488348962681117,4
max_distance_from_ma20,total_return,22.086232505363185,0.12448588970983726,4
max_distance_from_ma20,max_drawdown,19.418973725904006,0.11112284611682628,4
max_distance_from_ma20,turnover,27.45068848544579,0.15018100713782154,4
max_distance_from_ma20,stop_ratio,5.613201637864187,0.03487618816316057,4
fresh_stop_mult,sharpe,2.28539871052882,0.009692706685941055,3
fresh_stop_mult,total_return,3.9803634650688418,0.0167608109023899,3
fresh_stop_mult,max_drawdown,15.836742808372492,0.0635154796280619,3
fresh_stop_mult,turnover,24.615375142437838,0.09536578411438738,3
fresh_stop_mult,stop_ratio,1.2277417163114366,0.005230492601063182,3
initial_ratio,sharpe,3.8109739491359513,0.02394665580071147,4
initial_ratio,total_return,6.1508345369422015,0.03808939673815781,4
initial_ratio,max_drawdown,10.83643211305339,0.06521301925138526,4
initial_ratio,turnover,14.389007900515919,0.08477969250194499,4
initial_ratio,stop_ratio,3.6223467599128054,0.02278840716977131,4
trend_ma_window,sharpe,4.972483762113633,0.020851394188831845,3
trend_ma_window,total_return,3.536493217352394,0.014919614989872381,3
trend_ma_window,max_drawdown,12.09316498300906,0.049240641464291995,3
trend_ma_window,turnover,17.96863867159435,0.07145478961716775,3
trend_ma_window,stop_ratio,1.995364216059088,0.00847305093542482,3
